portname;prttype;prtsize;latitude;longitude;iso3_op;top_left_lat;top_left_long;top_right_lat;top_right_long;bot_right_lat;bot_right_long;bot_left_lat;bot_left_long
Cebu;Sea;Very Small;10,62832;124,40972;PHL;10,67832;124,45972;10,57832;124,45972;10,67832;124,35972;10,57832;124,35972
Coco Grove Nature Resort;Sea;Very Small;10,61768;124,2838;PHL;11,11768;124,7838;10,11768;124,7838;11,11768;123,7838;10,11768;123,7838
Pomala;Sea;Small;-4,1828;121,59489;IDN;-3,6828;122,09489;-4,6828;122,09489;-3,6828;121,09489;-4,6828;121,09489
Telok Ayer;Unknown;Small;-0,76919;109,57272;IDN;-0,26919;110,07272;-1,26919;110,07272;-0,26919;109,07272;-1,26919;109,07272
My Tho;River;Unknown;10,34402;106,3285;VNM;10,84402;106,8285;9,84402;106,8285;10,84402;105,8285;9,84402;105,8285
Bassein;River;Very Small;16,78112;94,73082;MMR;17,28112;95,23082;16,28112;95,23082;17,28112;94,23082;16,28112;94,23082
Woodlands;Sea;Unknown;1,45201;103,77974;SGP;1,95201;104,27974;0,95201;104,27974;1,95201;103,27974;0,95201;103,27974
Moulmein;Sea;Small;16,49322;97,6175;MMR;16,99322;98,1175;15,99322;98,1175;16,99322;97,1175;15,99322;97,1175
Sittwe;Sea;Medium;20,14001;92,90128;MMR;20,64001;93,40128;19,64001;93,40128;20,64001;92,40128;19,64001;92,40128
Bugo;Sea;Small;8,50849;124,75312;PHL;9,00849;125,25312;8,00849;125,25312;9,00849;124,25312;8,00849;124,25312
Thi Nai;Sea;Unknown;13,7813;109,22867;VNM;14,2813;109,72867;13,2813;109,72867;14,2813;108,72867;13,2813;108,72867
Kuantan;Sea;Unknown;3,97809;103,42386;MYS;4,47809;103,92386;3,47809;103,92386;4,47809;102,92386;3,47809;102,92386
Kerteh Terminal;Sea;Unknown;4,58999;103,45553;MYS;5,08999;103,95553;4,08999;103,95553;5,08999;102,95553;4,08999;102,95553
Port Kelang;Sea;Unknown;3,02802;101,36368;MYS;3,52802;101,86368;2,52802;101,86368;3,52802;100,86368;2,52802;100,86368
Banten;Sea;Medium;-6,01375;105,95816;IDN;-5,51375;106,45816;-6,51375;106,45816;-5,51375;105,45816;-6,51375;105,45816
Hongai;Sea;Very Small;20,9484;107,08111;VNM;21,4484;107,58111;20,4484;107,58111;21,4484;106,58111;20,4484;106,58111
Labuan;Sea;Unknown;5,27616;115,24334;MYS;5,77616;115,74334;4,77616;115,74334;5,77616;114,74334;4,77616;114,74334
Balogo;Sea;Medium;13,75936;121,04326;PHL;14,25936;121,54326;13,25936;121,54326;14,25936;120,54326;13,25936;120,54326
Map Ta Phut;Sea;Medium;12,66904;101,15214;THA;13,16904;101,65214;12,16904;101,65214;13,16904;100,65214;12,16904;100,65214
Barcelona;Sea;Unknown;10,82046;123,55672;PHL;11,32046;124,05672;10,32046;124,05672;11,32046;123,05672;10,32046;123,05672
Langkawi;Sea;Unknown;6,31061;99,85596;MYS;6,81061;100,35596;5,81061;100,35596;6,81061;99,35596;5,81061;99,35596
General Santos;Sea;Small;6,09409;125,15525;PHL;6,59409;125,65525;5,59409;125,65525;6,59409;124,65525;5,59409;124,65525
Caticlan;Sea;Small;11,92782;121,95044;PHL;12,42782;122,45044;11,42782;122,45044;12,42782;121,45044;11,42782;121,45044
Polloc;Sea;Medium;7,35111;124,22257;PHL;7,85111;124,72257;6,85111;124,72257;7,85111;123,72257;6,85111;123,72257
Bangkok;River;Medium;13,70734;100,56578;THA;14,20734;101,06578;13,20734;101,06578;14,20734;100,06578;13,20734;100,06578
Dong Hoi;Sea;Unknown;17,45737;106,63216;VNM;17,95737;107,13216;16,95737;107,13216;17,95737;106,13216;16,95737;106,13216
Talibon;Sea;Unknown;10,15141;124,327;PHL;10,65141;124,827;9,65141;124,827;10,65141;123,827;9,65141;123,827
Liloan;Sea;Small;10,15907;125,12508;PHL;10,65907;125,62508;9,65907;125,62508;10,65907;124,62508;9,65907;124,62508
Baybay;Sea;Small;10,67586;124,79863;PHL;11,17586;125,29863;10,17586;125,29863;11,17586;124,29863;10,17586;124,29863
Hilongos;Sea;Small;10,3707;124,74379;PHL;10,8707;125,24379;9,8707;125,24379;10,8707;124,24379;9,8707;124,24379
San Isidro;Sea;Very Small;11,40489;124,35045;PHL;11,90489;124,85045;10,90489;124,85045;11,90489;123,85045;10,90489;123,85045
Surigao;Sea;Small;9,81533;125,45457;PHL;10,31533;125,95457;9,31533;125,95457;10,31533;124,95457;9,31533;124,95457
Belawan;Sea;Medium;3,79246;98,71623;IDN;4,29246;99,21623;3,29246;99,21623;4,29246;98,21623;3,29246;98,21623
Gorontalo;Sea;Small;0,49764;123,06938;IDN;0,99764;123,56938;-0,00236;123,56938;0,99764;122,56938;-0,00236;122,56938
Vung Tau;Sea;Small;10,33871;107,07185;VNM;10,83871;107,57185;9,83871;107,57185;10,83871;106,57185;9,83871;106,57185
Iloilo;Sea;Medium;10,69083;122,58278;PHL;11,19083;123,08278;10,19083;123,08278;11,19083;122,08278;10,19083;122,08278
Dapa;Sea;Very Small;9,75569;126,05316;PHL;10,25569;126,55316;9,25569;126,55316;10,25569;125,55316;9,25569;125,55316
Khanom;Sea;Unknown;9,20918;99,8803;THA;9,70918;100,3803;8,70918;100,3803;9,70918;99,3803;8,70918;99,3803
Songkhla;Sea;Unknown;7,2269;100,56839;THA;7,7269;101,06839;6,7269;101,06839;7,7269;100,06839;6,7269;100,06839
Bintulu;Sea;Unknown;3,16872;113,04342;MYS;3,66872;113,54342;2,66872;113,54342;3,66872;112,54342;2,66872;112,54342
Bais;Sea;Unknown;9,59447;123,14314;PHL;10,09447;123,64314;9,09447;123,64314;10,09447;122,64314;9,09447;122,64314
Bislig;Sea;Small;8,19006;126,35562;PHL;8,69006;126,85562;7,69006;126,85562;8,69006;125,85562;7,69006;125,85562
Kudat;Sea;Unknown;6,8811;116,84749;MYS;7,3811;117,34749;6,3811;117,34749;7,3811;116,34749;6,3811;116,34749
Gasan;Sea;Unknown;13,32811;121,84354;PHL;13,82811;122,34354;12,82811;122,34354;13,82811;121,34354;12,82811;121,34354
Tabaco;Sea;Small;13,36124;123,73506;PHL;13,86124;124,23506;12,86124;124,23506;13,86124;123,23506;12,86124;123,23506
Panarukan;Sea;Small;-7,6976;113,93394;IDN;-7,1976;114,43394;-8,1976;114,43394;-7,1976;113,43394;-8,1976;113,43394
Merauke;Sea;Small;-8,47877;140,39086;IDN;-7,97877;140,89086;-8,97877;140,89086;-7,97877;139,89086;-8,97877;139,89086
Kasim;Sea;Small;-1,30664;131,02837;IDN;-0,80664;131,52837;-1,80664;131,52837;-0,80664;130,52837;-1,80664;130,52837
Mamuju;Sea;Small;-2,66758;118,8942;IDN;-2,16758;119,3942;-3,16758;119,3942;-2,16758;118,3942;-3,16758;118,3942
Pantoloan;Sea;Small;-0,70932;119,85742;IDN;-0,20932;120,35742;-1,20932;120,35742;-0,20932;119,35742;-1,20932;119,35742
Balanacan;Sea;Very Small;13,5333;121,8657;PHL;14,0333;122,3657;13,0333;122,3657;14,0333;121,3657;13,0333;121,3657
Santa Cruz;Sea;Very Small;13,50508;122,04818;PHL;14,00508;122,54818;13,00508;122,54818;14,00508;121,54818;13,00508;121,54818
Borongan;Sea;Very Small;11,60648;125,43989;PHL;12,10648;125,93989;11,10648;125,93989;12,10648;124,93989;11,10648;124,93989
Aroroy;Sea;Very Small;12,51315;123,39758;PHL;13,01315;123,89758;12,01315;123,89758;13,01315;122,89758;12,01315;122,89758
Palembang;River;Small;-2,98041;104,77893;IDN;-2,48041;105,27893;-3,48041;105,27893;-2,48041;104,27893;-3,48041;104,27893
Krabi;Sea;Unknown;8,04693;98,90876;THA;8,54693;99,40876;7,54693;99,40876;8,54693;98,40876;7,54693;98,40876
Zamboanga;Sea;Small;6,90241;122,07734;PHL;7,40241;122,57734;6,40241;122,57734;7,40241;121,57734;6,40241;121,57734
Mati;Sea;Small;6,95073;126,219;PHL;7,45073;126,719;6,45073;126,719;7,45073;125,719;6,45073;125,719
Miri;Sea;Unknown;4,38349;113,97317;MYS;4,88349;114,47317;3,88349;114,47317;4,88349;113,47317;3,88349;113,47317
Bagan Luar;Sea;Unknown;5,41034;100,37337;MYS;5,91034;100,87337;4,91034;100,87337;5,91034;99,87337;4,91034;99,87337
Sandakan;Sea;Unknown;5,83815;118,11667;MYS;6,33815;118,61667;5,33815;118,61667;6,33815;117,61667;5,33815;117,61667
Jimenez;Sea;Very Small;8,33247;123,85658;PHL;8,83247;124,35658;7,83247;124,35658;8,83247;123,35658;7,83247;123,35658
Tanjong Pagar;Sea;Unknown;1,2674;103,84073;SGP;1,7674;104,34073;0,7674;104,34073;1,7674;103,34073;0,7674;103,34073
Semporna;Sea;Unknown;4,47823;118,6081;MYS;4,97823;119,1081;3,97823;119,1081;4,97823;118,1081;3,97823;118,1081
Bandar Seri Begawan;Sea;Unknown;4,87558;114,951;BRN;5,37558;115,451;4,37558;115,451;5,37558;114,451;4,37558;114,451
Port Holland;Sea;Unknown;6,54593;121,86911;PHL;7,04593;122,36911;6,04593;122,36911;7,04593;121,36911;6,04593;121,36911
Tolong;Sea;Unknown;9,36794;122,80113;PHL;9,86794;123,30113;8,86794;123,30113;9,86794;122,30113;8,86794;122,30113
Cotabato;Sea;Very Small;7,25253;124,2012;PHL;7,75253;124,7012;6,75253;124,7012;7,75253;123,7012;6,75253;123,7012
Pekalongan;Sea;Small;-6,85925;109,69192;IDN;-6,35925;110,19192;-7,35925;110,19192;-6,35925;109,19192;-7,35925;109,19192
Luwuk;Sea;Small;-0,9534;122,79624;IDN;-0,4534;123,29624;-1,4534;123,29624;-0,4534;122,29624;-1,4534;122,29624
Kalianget;Sea;Small;-7,04475;113,94658;IDN;-6,54475;114,44658;-7,54475;114,44658;-6,54475;113,44658;-7,54475;113,44658
Bontang;Sea;Small;0,08553;117,48763;IDN;0,58553;117,98763;-0,41447;117,98763;0,58553;116,98763;-0,41447;116,98763
Tubod;Sea;Small;8,05564;123,78983;PHL;8,55564;124,28983;7,55564;124,28983;8,55564;123,28983;7,55564;123,28983
San Antonio;Sea;Very Small;12,41214;124,27944;PHL;12,91214;124,77944;11,91214;124,77944;12,91214;123,77944;11,91214;123,77944
Cam Ranh;Sea;Small;11,90338;109,14451;VNM;12,40338;109,64451;11,40338;109,64451;12,40338;108,64451;11,40338;108,64451
Danao;Sea;Very Small;10,52123;124,02944;PHL;11,02123;124,52944;10,02123;124,52944;11,02123;123,52944;10,02123;123,52944
San Fernando;Sea;Small;16,60876;120,30097;PHL;17,10876;120,80097;16,10876;120,80097;17,10876;119,80097;16,10876;119,80097
Bacon;Sea;Very Small;13,04099;124,04541;PHL;13,54099;124,54541;12,54099;124,54541;13,54099;123,54541;12,54099;123,54541
Roxas;Sea;Small;12,5936;121,52968;PHL;13,0936;122,02968;12,0936;122,02968;13,0936;121,02968;12,0936;121,02968
Can Tho;River;Unknown;9,98373;105,83577;VNM;10,48373;106,33577;9,48373;106,33577;10,48373;105,33577;9,48373;105,33577
Pulupandan;Sea;Small;10,51976;122,79597;PHL;11,01976;123,29597;10,01976;123,29597;11,01976;122,29597;10,01976;122,29597
Bakapit;Sea;Unknown;4,95262;118,58633;MYS;5,45262;119,08633;4,45262;119,08633;5,45262;118,08633;4,45262;118,08633
Catbalogan;Sea;Small;11,77391;124,88078;PHL;12,27391;125,38078;11,27391;125,38078;12,27391;124,38078;11,27391;124,38078
Tagbilaran;Sea;Small;9,64892;123,85055;PHL;10,14892;124,35055;9,14892;124,35055;10,14892;123,35055;9,14892;123,35055
Lundu;Sea;Unknown;1,67051;109,85378;MYS;2,17051;110,35378;1,17051;110,35378;2,17051;109,35378;1,17051;109,35378
Pasir Gudang;Sea;Unknown;1,43695;103,90183;MYS;1,93695;104,40183;0,93695;104,40183;1,93695;103,40183;0,93695;103,40183
Toledo;Sea;Small;10,37588;123,63519;PHL;10,87588;124,13519;9,87588;124,13519;10,87588;123,13519;9,87588;123,13519
Laoag;Sea;Unknown;18,19264;120,59262;PHL;18,69264;121,09262;17,69264;121,09262;18,69264;120,09262;17,69264;120,09262
Banggai;Sea;Small;-1,5901;123,49918;IDN;-1,0901;123,99918;-2,0901;123,99918;-1,0901;122,99918;-2,0901;122,99918
Probolinggo;Sea;Small;-7,72999;113,2179;IDN;-7,22999;113,7179;-8,22999;113,7179;-7,22999;112,7179;-8,22999;112,7179
Lembar;Sea;Small;-8,73027;116,07257;IDN;-8,23027;116,57257;-9,23027;116,57257;-8,23027;115,57257;-9,23027;115,57257
Bima;Sea;Small;-8,44936;118,71664;IDN;-7,94936;119,21664;-8,94936;119,21664;-7,94936;118,21664;-8,94936;118,21664
Palompon;Sea;Very Small;11,05199;124,38315;PHL;11,55199;124,88315;10,55199;124,88315;11,55199;123,88315;10,55199;123,88315
Maripipi;Sea;Very Small;11,7778;124,34924;PHL;12,2778;124,84924;11,2778;124,84924;12,2778;123,84924;11,2778;123,84924
Cataingan;Sea;Very Small;12,00356;124,00048;PHL;12,50356;124,50048;11,50356;124,50048;12,50356;123,50048;11,50356;123,50048
Manila;Sea;Large;14,59804;120,96049;PHL;15,09804;121,46049;14,09804;121,46049;15,09804;120,46049;14,09804;120,46049
Pilar;Sea;Very Small;12,92281;123,67587;PHL;13,42281;124,17587;12,42281;124,17587;13,42281;123,17587;12,42281;123,17587
Penuba;Unknown;Small;-0,31587;104,46529;IDN;0,18413;104,96529;-0,81587;104,96529;0,18413;103,96529;-0,81587;103,96529
Phuket;Sea;Unknown;7,87304;98,41471;THA;8,37304;98,91471;7,37304;98,91471;8,37304;97,91471;7,37304;97,91471
Phangnga;River;Unknown;8,39961;98,51346;THA;8,89961;99,01346;7,89961;99,01346;8,89961;98,01346;7,89961;98,01346
Chanthaburi;River;Unknown;12,60208;102,11342;THA;13,10208;102,61342;12,10208;102,61342;13,10208;101,61342;12,10208;101,61342
Wallace Bay;Sea;Unknown;4,24747;117,66116;MYS;4,74747;118,16116;3,74747;118,16116;4,74747;117,16116;3,74747;117,16116
Sibu;Sea;Unknown;2,2882;111,82375;MYS;2,7882;112,32375;1,7882;112,32375;2,7882;111,32375;1,7882;111,32375
Jolo;Sea;Unknown;6,05276;120,99972;PHL;6,55276;121,49972;5,55276;121,49972;6,55276;120,49972;5,55276;120,49972
Tumpat;Sea;Unknown;6,2007;102,16879;MYS;6,7007;102,66879;5,7007;102,66879;6,7007;101,66879;5,7007;101,66879
Seletar;Sea;Unknown;1,42132;103,89181;SGP;1,92132;104,39181;0,92132;104,39181;1,92132;103,39181;0,92132;103,39181
Jose Panganiban;Sea;Unknown;14,28499;122,69469;PHL;14,78499;123,19469;13,78499;123,19469;14,78499;122,19469;13,78499;122,19469
Lingayen;Sea;Unknown;16,01746;120,22847;PHL;16,51746;120,72847;15,51746;120,72847;16,51746;119,72847;15,51746;119,72847
Dumai;Sea;Medium;1,6861;101,44849;IDN;2,1861;101,94849;1,1861;101,94849;2,1861;100,94849;1,1861;100,94849
Waingapu;Sea;Small;-9,64121;120,24987;IDN;-9,14121;120,74987;-10,14121;120,74987;-9,14121;119,74987;-10,14121;119,74987
Jakarta;Sea;Large;-6,10434;106,80256;IDN;-5,60434;107,30256;-6,60434;107,30256;-5,60434;106,30256;-6,60434;106,30256
Tanjung Priok;Sea;Large;-6,10492;106,87615;IDN;-5,60492;107,37615;-6,60492;107,37615;-5,60492;106,37615;-6,60492;106,37615
Kupang;Sea;Small;-10,15375;123,59051;IDN;-9,65375;124,09051;-10,65375;124,09051;-9,65375;123,09051;-10,65375;123,09051
Bitung;Sea;Small;1,4389;125,19403;IDN;1,9389;125,69403;0,9389;125,69403;1,9389;124,69403;0,9389;124,69403
Coron;Sea;Small;11,99246;120,21227;PHL;12,49246;120,71227;11,49246;120,71227;12,49246;119,71227;11,49246;119,71227
Maasin;Sea;Very Small;10,1321;124,84119;PHL;10,6321;125,34119;9,6321;125,34119;10,6321;124,34119;9,6321;124,34119
Ubay;Sea;Unknown;10,0592;124,47209;PHL;10,5592;124,97209;9,5592;124,97209;10,5592;123,97209;9,5592;123,97209
San Carlos;Sea;Small;10,47904;123,42024;PHL;10,97904;123,92024;9,97904;123,92024;10,97904;122,92024;9,97904;122,92024
Ende;Sea;Small;-8,84538;121,64313;IDN;-8,34538;122,14313;-9,34538;122,14313;-8,34538;121,14313;-9,34538;121,14313
Thilawa;River;Small;16,66539;96,24981;MMR;17,16539;96,74981;16,16539;96,74981;17,16539;95,74981;16,16539;95,74981
Davao;Sea;Medium;7,09777;125,64773;PHL;7,59777;126,14773;6,59777;126,14773;7,59777;125,14773;6,59777;125,14773
Larena;Sea;Very Small;9,24938;123,5926;PHL;9,74938;124,0926;8,74938;124,0926;9,74938;123,0926;8,74938;123,0926
Amamapare;Unknown;Very Small;-4,828;136,83729;IDN;-4,328;137,33729;-5,328;137,33729;-4,328;136,33729;-5,328;136,33729
Villanueva;Sea;Unknown;8,57646;124,76158;PHL;9,07646;125,26158;8,07646;125,26158;9,07646;124,26158;8,07646;124,26158
Masinloc;Sea;Very Small;15,53811;119,94751;PHL;16,03811;120,44751;15,03811;120,44751;16,03811;119,44751;15,03811;119,44751
Nasipit;Sea;Small;8,97919;125,33638;PHL;9,47919;125,83638;8,47919;125,83638;9,47919;124,83638;8,47919;124,83638
San Jose;Sea;Small;10,73833;121,93806;PHL;11,23833;122,43806;10,23833;122,43806;11,23833;121,43806;10,23833;121,43806
Lingga;Sea;Unknown;1,35466;111,16914;MYS;1,85466;111,66914;0,85466;111,66914;1,85466;110,66914;0,85466;110,66914
Seria;Sea;Unknown;4,61937;114,32406;BRN;5,11937;114,82406;4,11937;114,82406;5,11937;113,82406;4,11937;113,82406
Cavite;Sea;Unknown;14,48319;120,90876;PHL;14,98319;121,40876;13,98319;121,40876;14,98319;120,40876;13,98319;120,40876
Batu Pahat;Sea;Unknown;1,82598;102,9169;MYS;2,32598;103,4169;1,32598;103,4169;2,32598;102,4169;1,32598;102,4169
Muar;Sea;Unknown;2,04754;102,56614;MYS;2,54754;103,06614;1,54754;103,06614;2,54754;102,06614;1,54754;102,06614
Iligan;Sea;Small;8,23091;124,2337;PHL;8,73091;124,7337;7,73091;124,7337;8,73091;123,7337;7,73091;123,7337
Kuala Belait;Sea;Unknown;4,57512;114,19772;BRN;5,07512;114,69772;4,07512;114,69772;5,07512;113,69772;4,07512;113,69772
Muara;Sea;Unknown;5,01519;115,06536;BRN;5,51519;115,56536;4,51519;115,56536;5,51519;114,56536;4,51519;114,56536
Kuala Terengganu;Sea;Unknown;5,33304;103,15095;MYS;5,83304;103,65095;4,83304;103,65095;5,83304;102,65095;4,83304;102,65095
Sangi;Sea;Unknown;10,38674;123,63807;PHL;10,88674;124,13807;9,88674;124,13807;10,88674;123,13807;9,88674;123,13807
Cirebon;Sea;Medium;-6,70907;108,57073;IDN;-6,20907;109,07073;-7,20907;109,07073;-6,20907;108,07073;-7,20907;108,07073
Banjarmasin;Sea;Medium;-3,33321;114,5551;IDN;-2,83321;115,0551;-3,83321;115,0551;-2,83321;114,0551;-3,83321;114,0551
Sattahip;Sea;Medium;12,62933;100,92319;THA;13,12933;101,42319;12,12933;101,42319;13,12933;100,42319;12,12933;100,42319
Bengkulu;Sea;Small;-3,78501;102,25083;IDN;-3,28501;102,75083;-4,28501;102,75083;-3,28501;101,75083;-4,28501;101,75083
Makassar;Sea;Medium;-5,13222;119,40315;IDN;-4,63222;119,90315;-5,63222;119,90315;-4,63222;118,90315;-5,63222;118,90315
Nunukan;Sea;Small;4,1448;117,66647;IDN;4,6448;118,16647;3,6448;118,16647;4,6448;117,16647;3,6448;117,16647
Balikpapan;Sea;Medium;-1,25527;116,81594;IDN;-0,75527;117,31594;-1,75527;117,31594;-0,75527;116,31594;-1,75527;116,31594
Singkawang;Sea;Small;0,91919;108,96726;IDN;1,41919;109,46726;0,41919;109,46726;1,41919;108,46726;0,41919;108,46726
Phu My;River;Small;10,59835;107,02394;VNM;11,09835;107,52394;10,09835;107,52394;11,09835;106,52394;10,09835;106,52394
Jambi;River;Medium;-1,58304;103,62216;IDN;-1,08304;104,12216;-2,08304;104,12216;-1,08304;103,12216;-2,08304;103,12216
Currimao;Sea;Very Small;18,01785;120,48452;PHL;18,51785;120,98452;17,51785;120,98452;18,51785;119,98452;17,51785;119,98452
Pasacao;Sea;Small;13,50529;123,04058;PHL;14,00529;123,54058;13,00529;123,54058;14,00529;122,54058;13,00529;122,54058
Tandayag;Sea;Very Small;9,52956;123,30495;PHL;10,02956;123,80495;9,02956;123,80495;10,02956;122,80495;9,02956;122,80495
Atimonan;Sea;Unknown;13,99994;121,92822;PHL;14,49994;122,42822;13,49994;122,42822;14,49994;121,42822;13,49994;121,42822
Nha Trang;Sea;Small;12,20648;109,21552;VNM;12,70648;109,71552;11,70648;109,71552;12,70648;108,71552;11,70648;108,71552
Uleelheue;Sea;Small;5,56424;95,29462;IDN;6,06424;95,79462;5,06424;95,79462;6,06424;94,79462;5,06424;94,79462
Matnog;Sea;Small;12,58499;124,08599;PHL;13,08499;124,58599;12,08499;124,58599;13,08499;123,58599;12,08499;123,58599
Lahad Datu;Sea;Unknown;5,0203;118,34969;MYS;5,5203;118,84969;4,5203;118,84969;5,5203;117,84969;4,5203;117,84969
Sipitang;Sea;Unknown;5,06726;115,54321;MYS;5,56726;116,04321;4,56726;116,04321;5,56726;115,04321;4,56726;115,04321
Culion;Sea;Unknown;11,8947;120,01966;PHL;12,3947;120,51966;11,3947;120,51966;12,3947;119,51966;11,3947;119,51966
Dumaguete;Sea;Small;9,31297;123,31026;PHL;9,81297;123,81026;8,81297;123,81026;9,81297;122,81026;8,81297;122,81026
Phnom Penh;River;Medium;11,55954;104,93739;KHM;12,05954;105,43739;11,05954;105,43739;12,05954;104,43739;11,05954;104,43739
Manggar;Sea;Small;-2,84891;108,28992;IDN;-2,34891;108,78992;-3,34891;108,78992;-2,34891;107,78992;-3,34891;107,78992
Tegal;Sea;Small;-6,84997;109,12879;IDN;-6,34997;109,62879;-7,34997;109,62879;-6,34997;108,62879;-7,34997;108,62879
Jayapura;Sea;Small;-2,54543;140,71354;IDN;-2,04543;141,21354;-3,04543;141,21354;-2,04543;140,21354;-3,04543;140,21354
Bula;Sea;Very Small;-3,10408;130,50113;IDN;-2,60408;131,00113;-3,60408;131,00113;-2,60408;130,00113;-3,60408;130,00113
Poso;Sea;Small;-1,38242;120,75516;IDN;-0,88242;121,25516;-1,88242;121,25516;-0,88242;120,25516;-1,88242;120,25516
Virac;Sea;Small;13,58185;124,23399;PHL;14,08185;124,73399;13,08185;124,73399;14,08185;123,73399;13,08185;123,73399
Chiang Saen;River;Unknown;20,26754;100,08984;THA;20,76754;100,58984;19,76754;100,58984;20,76754;99,58984;19,76754;99,58984
Hue;Sea;Unknown;16,49739;107,58781;VNM;16,99739;108,08781;15,99739;108,08781;16,99739;107,08781;15,99739;107,08781
Aparri;Sea;Small;18,36124;121,62959;PHL;18,86124;122,12959;17,86124;122,12959;18,86124;121,12959;17,86124;121,12959
Masbate;Sea;Small;12,36842;123,61672;PHL;12,86842;124,11672;11,86842;124,11672;12,86842;123,11672;11,86842;123,11672
Pattani;Sea;Unknown;6,89974;101,25569;THA;7,39974;101,75569;6,39974;101,75569;7,39974;100,75569;6,39974;100,75569
Romblon;Sea;Small;12,57774;122,26921;PHL;13,07774;122,76921;12,07774;122,76921;13,07774;121,76921;12,07774;121,76921
Kantang;Sea;Unknown;7,41069;99,50939;THA;7,91069;100,00939;6,91069;100,00939;7,91069;99,00939;6,91069;99,00939
Kota Kinabalu;Sea;Unknown;5,99128;116,07988;MYS;6,49128;116,57988;5,49128;116,57988;6,49128;115,57988;5,49128;115,57988
Hondagua;Sea;Unknown;13,94495;122,24133;PHL;14,44495;122,74133;13,44495;122,74133;14,44495;121,74133;13,44495;121,74133
Puerto Princesa;Sea;Small;9,74241;118,72848;PHL;10,24241;119,22848;9,24241;119,22848;10,24241;118,22848;9,24241;118,22848
Ozamis;Sea;Small;8,14078;123,84535;PHL;8,64078;124,34535;7,64078;124,34535;8,64078;123,34535;7,64078;123,34535
Johor Bahru;Sea;Unknown;1,45978;103,73605;MYS;1,95978;104,23605;0,95978;104,23605;1,95978;103,23605;0,95978;103,23605
Kuching;Sea;Unknown;1,55509;110,36798;MYS;2,05509;110,86798;1,05509;110,86798;2,05509;109,86798;1,05509;109,86798
Limbang;Sea;Unknown;4,75264;115,00875;MYS;5,25264;115,50875;4,25264;115,50875;5,25264;114,50875;4,25264;114,50875
Tandoc;Sea;Unknown;14,05485;123,29906;PHL;14,55485;123,79906;13,55485;123,79906;14,55485;122,79906;13,55485;122,79906
Calapan;Sea;Small;13,42605;121,19532;PHL;13,92605;121,69532;12,92605;121,69532;13,92605;120,69532;12,92605;120,69532
Padang;Sea;Medium;-1,00017;100,37084;IDN;-0,50017;100,87084;-1,50017;100,87084;-0,50017;99,87084;-1,50017;99,87084
Sinabang;Sea;Small;2,47859;96,38228;IDN;2,97859;96,88228;1,97859;96,88228;2,97859;95,88228;1,97859;95,88228
Banyuwangi;Sea;Small;-8,20596;114,38447;IDN;-7,70596;114,88447;-8,70596;114,88447;-7,70596;113,88447;-8,70596;113,88447
Semarang;Sea;Medium;-6,9467;110,42515;IDN;-6,4467;110,92515;-7,4467;110,92515;-6,4467;109,92515;-7,4467;109,92515
Ambon;Sea;Small;-3,6941;128,17627;IDN;-3,1941;128,67627;-4,1941;128,67627;-3,1941;127,67627;-4,1941;127,67627
Kendari;Sea;Small;-3,97245;122,57729;IDN;-3,47245;123,07729;-4,47245;123,07729;-3,47245;122,07729;-4,47245;122,07729
Manado;Sea;Small;1,49881;124,84053;IDN;1,99881;125,34053;0,99881;125,34053;1,99881;124,34053;0,99881;124,34053
Sangkulirang;Sea;Small;0,98721;117,98446;IDN;1,48721;118,48446;0,48721;118,48446;1,48721;117,48446;0,48721;117,48446
Bang Saphan;Sea;Unknown;11,20683;99,57833;THA;11,70683;100,07833;10,70683;100,07833;11,70683;99,07833;10,70683;99,07833
Brookes Point;Sea;Small;8,77353;117,82946;PHL;9,27353;118,32946;8,27353;118,32946;9,27353;117,32946;8,27353;117,32946
Ranong;Sea;Unknown;9,98089;98,60073;THA;10,48089;99,10073;9,48089;99,10073;10,48089;98,10073;9,48089;98,10073
Cua Lo;Sea;Unknown;18,82878;105,71075;VNM;19,32878;106,21075;18,32878;106,21075;19,32878;105,21075;18,32878;105,21075
Allen;Sea;Very Small;12,50456;124,28435;PHL;13,00456;124,78435;12,00456;124,78435;13,00456;123,78435;12,00456;123,78435
Tabuelan;Sea;Very Small;10,83157;123,87037;PHL;11,33157;124,37037;10,33157;124,37037;11,33157;123,37037;10,33157;123,37037
Buatan;River;Very Small;0,74603;101,81754;IDN;1,24603;102,31754;0,24603;102,31754;1,24603;101,31754;0,24603;101,31754
Nasugbu;Sea;Unknown;14,07678;120,62445;PHL;14,57678;121,12445;13,57678;121,12445;14,57678;120,12445;13,57678;120,12445
Port Dickson;Sea;Unknown;2,52218;101,80015;MYS;3,02218;102,30015;2,02218;102,30015;3,02218;101,30015;2,02218;101,30015
Tawau;Sea;Unknown;4,24386;117,88075;MYS;4,74386;118,38075;3,74386;118,38075;4,74386;117,38075;3,74386;117,38075
Gingoog;Sea;Unknown;8,82968;125,09984;PHL;9,32968;125,59984;8,32968;125,59984;9,32968;124,59984;8,32968;124,59984
Lumut;Sea;Unknown;4,23552;100,60863;MYS;4,73552;101,10863;3,73552;101,10863;4,73552;100,10863;3,73552;100,10863
Dungun;Sea;Unknown;4,77737;103,42488;MYS;5,27737;103,92488;4,27737;103,92488;5,27737;102,92488;4,27737;102,92488
Weston;Sea;Unknown;5,21733;115,60037;MYS;5,71733;116,10037;4,71733;116,10037;5,71733;115,10037;4,71733;115,10037
Sorong;Sea;Small;-0,87802;131,24612;IDN;-0,37802;131,74612;-1,37802;131,74612;-0,37802;130,74612;-1,37802;130,74612
Labuha;Sea;Small;-0,62884;127,47934;IDN;-0,12884;127,97934;-1,12884;127,97934;-0,12884;126,97934;-1,12884;126,97934
Surabaya;Sea;Medium;-7,20203;112,73319;IDN;-6,70203;113,23319;-7,70203;113,23319;-6,70203;112,23319;-7,70203;112,23319
Gresik;Sea;Medium;-7,14449;112,65108;IDN;-6,64449;113,15108;-7,64449;113,15108;-6,64449;112,15108;-7,64449;112,15108
Maumere;Sea;Small;-8,61517;122,2189;IDN;-8,11517;122,7189;-9,11517;122,7189;-8,11517;121,7189;-9,11517;121,7189
Manokwari;Sea;Small;-0,86727;134,07484;IDN;-0,36727;134,57484;-1,36727;134,57484;-0,36727;133,57484;-1,36727;133,57484
Tarakan;Sea;Small;3,28409;117,59558;IDN;3,78409;118,09558;2,78409;118,09558;3,78409;117,09558;2,78409;117,09558
Pontianak;Sea;Medium;-0,01847;109,33552;IDN;0,48153;109,83552;-0,51847;109,83552;0,48153;108,83552;-0,51847;108,83552
Basco;Sea;Unknown;20,44783;121,96719;PHL;20,94783;122,46719;19,94783;122,46719;20,94783;121,46719;19,94783;121,46719
Jagna;Sea;Unknown;9,64944;124,36651;PHL;10,14944;124,86651;9,14944;124,86651;10,14944;123,86651;9,14944;123,86651
Calbayog;Sea;Small;12,066;124,5922;PHL;12,566;125,0922;11,566;125,0922;12,566;124,0922;11,566;124,0922
Cam Pha;Sea;Small;21,00587;107,3483;VNM;21,50587;107,8483;20,50587;107,8483;21,50587;106,8483;20,50587;106,8483
Sorsogon;Sea;Small;12,96664;124,00406;PHL;13,46664;124,50406;12,46664;124,50406;13,46664;123,50406;12,46664;123,50406
Tanjong Penjuru;Sea;Unknown;1,30155;103,74224;SGP;1,80155;104,24224;0,80155;104,24224;1,80155;103,24224;0,80155;103,24224
Tanjung Pandan;Sea;Small;-2,74522;107,63021;IDN;-2,24522;108,13021;-3,24522;108,13021;-2,24522;107,13021;-3,24522;107,13021
Bataan;Sea;Small;14,43703;120,50023;PHL;14,93703;121,00023;13,93703;121,00023;14,93703;120,00023;13,93703;120,00023
Malahayati;Sea;Very Small;5,59625;95,52619;IDN;6,09625;96,02619;5,09625;96,02619;6,09625;95,02619;5,09625;95,02619
Lhokseumawe;Sea;Small;5,16986;97,14627;IDN;5,66986;97,64627;4,66986;97,64627;5,66986;96,64627;4,66986;96,64627
Gilimanuk;Sea;Very Small;-8,16133;114,43743;IDN;-7,66133;114,93743;-8,66133;114,93743;-7,66133;113,93743;-8,66133;113,93743
Padangbai;Sea;Unknown;-8,53394;115,5086;IDN;-8,03394;116,0086;-9,03394;116,0086;-8,03394;115,0086;-9,03394;115,0086
Naluuyan;Sea;Small;10,77581;122,70814;PHL;11,27581;123,20814;10,27581;123,20814;11,27581;122,20814;10,27581;122,20814
Kalamansig;Sea;Small;6,55228;124,05041;PHL;7,05228;124,55041;6,05228;124,55041;7,05228;123,55041;6,05228;123,55041
Laem Chabang;Sea;Large;13,06917;100,90117;THA;13,56917;101,40117;12,56917;101,40117;13,56917;100,40117;12,56917;100,40117
Pladju;River;Small;-2,98837;104,83946;IDN;-2,48837;105,33946;-3,48837;105,33946;-2,48837;104,33946;-3,48837;104,33946
Gunung Sitoli;Unknown;Very Small;1,3059;97,60955;IDN;1,8059;98,10955;0,8059;98,10955;1,8059;97,10955;0,8059;97,10955
Celukan Bawang;Sea;Small;-8,18848;114,83218;IDN;-7,68848;115,33218;-8,68848;115,33218;-7,68848;114,33218;-8,68848;114,33218
Cagayan De Oro;Sea;Small;8,49515;124,66258;PHL;8,99515;125,16258;7,99515;125,16258;8,99515;124,16258;7,99515;124,16258
Koh Si Chang;Sea;Small;13,16067;100,80992;THA;13,66067;101,30992;12,66067;101,30992;13,66067;100,30992;12,66067;100,30992
Catagbacan;Sea;Very Small;9,85146;123,82338;PHL;10,35146;124,32338;9,35146;124,32338;10,35146;123,32338;9,35146;123,32338
Kuala Tanjung;Unknown;Small;3,35693;99,45485;IDN;3,85693;99,95485;2,85693;99,95485;3,85693;98,95485;2,85693;98,95485
Tanjung Balai;River;Small;2,97848;99,80361;IDN;3,47848;100,30361;2,47848;100,30361;3,47848;99,30361;2,47848;99,30361
Legazpi;Sea;Small;13,14607;123,75612;PHL;13,64607;124,25612;12,64607;124,25612;13,64607;123,25612;12,64607;123,25612
Hanoi;River;Unknown;21,02892;105,86167;VNM;21,52892;106,36167;20,52892;106,36167;21,52892;105,36167;20,52892;105,36167
Tandjung Uban;Sea;Small;1,06171;104,21933;IDN;1,56171;104,71933;0,56171;104,71933;1,56171;103,71933;0,56171;103,71933
Pangkal Balam;Sea;Small;-2,08497;106,14817;IDN;-1,58497;106,64817;-2,58497;106,64817;-1,58497;105,64817;-2,58497;105,64817
Pare Pare;Sea;Small;-4,00265;119,62174;IDN;-3,50265;120,12174;-4,50265;120,12174;-3,50265;119,12174;-4,50265;119,12174
Haiphong;River;Small;20,86793;106,6901;VNM;21,36793;107,1901;20,36793;107,1901;21,36793;106,1901;20,36793;106,1901
Tanjong Mani;Sea;Unknown;2,12392;111,31941;MYS;2,62392;111,81941;1,62392;111,81941;2,62392;110,81941;1,62392;110,81941
Samui;Sea;Unknown;9,53837;99,93449;THA;10,03837;100,43449;9,03837;100,43449;10,03837;99,43449;9,03837;99,43449
Vung Ang;Sea;Unknown;18,11108;106,40943;VNM;18,61108;106,90943;17,61108;106,90943;18,61108;105,90943;17,61108;105,90943
Duong Dong;Sea;Very Small;10,22466;103,95501;VNM;10,72466;104,45501;9,72466;104,45501;10,72466;103,45501;9,72466;103,45501
Sejingkat;Sea;Unknown;1,57744;110,41266;MYS;2,07744;110,91266;1,07744;110,91266;2,07744;109,91266;1,07744;109,91266
Kuala Beukah;Unknown;Very Small;4,88476;97,90409;IDN;5,38476;98,40409;4,38476;98,40409;5,38476;97,40409;4,38476;97,40409
Pangkalang Susu;Sea;Small;4,12408;98,21174;IDN;4,62408;98,71174;3,62408;98,71174;4,62408;97,71174;3,62408;97,71174
Tanjung Sekong;Sea;Small;-5,92286;105,99422;IDN;-5,42286;106,49422;-6,42286;106,49422;-5,42286;105,49422;-6,42286;105,49422
Damaguit;Sea;Very Small;11,59597;122,48233;PHL;12,09597;122,98233;11,09597;122,98233;12,09597;121,98233;11,09597;121,98233
Qui Nhon;Sea;Very Small;13,77826;109,24626;VNM;14,27826;109,74626;13,27826;109,74626;14,27826;108,74626;13,27826;108,74626
Jurong;Sea;Unknown;1,30635;103,71967;SGP;1,80635;104,21967;0,80635;104,21967;1,80635;103,21967;0,80635;103,21967
Pakan Baru;River;Small;0,54778;101,46473;IDN;1,04778;101,96473;0,04778;101,96473;1,04778;100,96473;0,04778;100,96473
Sungai Pakning;Sea;Small;1,34437;102,15743;IDN;1,84437;102,65743;0,84437;102,65743;1,84437;101,65743;0,84437;101,65743
Pandjang;Sea;Small;-5,47214;105,31803;IDN;-4,97214;105,81803;-5,97214;105,81803;-4,97214;104,81803;-5,97214;104,81803
Sriracha;Sea;Small;13,17344;100,92633;THA;13,67344;101,42633;12,67344;101,42633;13,67344;100,42633;12,67344;100,42633
Tubigon;Sea;Unknown;9,95219;123,96156;PHL;10,45219;124,46156;9,45219;124,46156;10,45219;123,46156;9,45219;123,46156
Bacolod;Sea;Unknown;10,67303;122,94762;PHL;11,17303;123,44762;10,17303;123,44762;11,17303;122,44762;10,17303;122,44762
Telok Anson;River;Unknown;4,02217;101,01926;MYS;4,52217;101,51926;3,52217;101,51926;4,52217;100,51926;3,52217;100,51926
Subic Bay;Sea;Medium;14,8231;120,29334;PHL;15,3231;120,79334;14,3231;120,79334;15,3231;119,79334;14,3231;119,79334
Pio V, Corpuz;Sea;Very Small;11,88241;124,05125;PHL;12,38241;124,55125;11,38241;124,55125;12,38241;123,55125;11,38241;123,55125
Da Nang;Sea;Medium;16,1204;108,21733;VNM;16,6204;108,71733;15,6204;108,71733;16,6204;107,71733;15,6204;107,71733
Kemaman;Sea;Unknown;4,25376;103,4594;MYS;4,75376;103,9594;3,75376;103,9594;4,75376;102,9594;3,75376;102,9594
Kunak;Sea;Unknown;4,68569;118,25122;MYS;5,18569;118,75122;4,18569;118,75122;5,18569;117,75122;4,18569;117,75122
Tanjong Salirong;Sea;Unknown;4,90119;114,98922;BRN;5,40119;115,48922;4,40119;115,48922;5,40119;114,48922;4,40119;114,48922
Kompongsom;Sea;Small;10,60654;103,52134;KHM;11,10654;104,02134;10,10654;104,02134;11,10654;103,02134;10,10654;103,02134
Penang;Sea;Unknown;5,36473;100,38934;MYS;5,86473;100,88934;4,86473;100,88934;5,86473;99,88934;4,86473;99,88934
Malatapay;Sea;Very Small;9,12224;123,21357;PHL;9,62224;123,71357;8,62224;123,71357;9,62224;122,71357;8,62224;122,71357
Nghe Tinh;Sea;Small;18,65489;105,70857;VNM;19,15489;106,20857;18,15489;106,20857;19,15489;105,20857;18,15489;105,20857
Sriracha;Sea;Unknown;13,12749;100,90098;THA;13,62749;101,40098;12,62749;101,40098;13,62749;100,40098;12,62749;100,40098
Jambongan;Sea;Unknown;1,47067;103,78372;MYS;1,97067;104,28372;0,97067;104,28372;1,97067;103,28372;0,97067;103,28372
Prachuap;Sea;Unknown;11,80817;99,79894;THA;12,30817;100,29894;11,30817;100,29894;12,30817;99,29894;11,30817;99,29894
Quang Ninh;Sea;Small;20,97234;107,05224;VNM;21,47234;107,55224;20,47234;107,55224;21,47234;106,55224;20,47234;106,55224
Saigon;River;Medium;10,75853;106,7181;VNM;11,25853;107,2181;10,25853;107,2181;11,25853;106,2181;10,25853;106,2181
Cebu;Sea;Medium;10,30435;123,91541;PHL;10,80435;124,41541;9,80435;124,41541;10,80435;123,41541;9,80435;123,41541
Tanjung Balai Karimun;Sea;Small;-0,81315;103,4596;IDN;-0,31315;103,9596;-1,31315;103,9596;-0,31315;102,9596;-1,31315;102,9596
Quang Ngai;Sea;Unknown;15,13359;108,79072;VNM;15,63359;109,29072;14,63359;109,29072;15,63359;108,29072;14,63359;108,29072
Tabangoa;Sea;Unknown;13,76837;121,03275;PHL;14,26837;121,53275;13,26837;121,53275;14,26837;120,53275;13,26837;120,53275
Labuan Hadji;Sea;Unknown;5,27289;115,23321;MYS;5,77289;115,73321;4,77289;115,73321;5,77289;114,73321;4,77289;114,73321
Malacca;Sea;Unknown;2,1909;102,25423;MYS;2,6909;102,75423;1,6909;102,75423;2,6909;101,75423;1,6909;101,75423
Tjilatjap;Sea;Small;-7,68807;109,08483;IDN;-7,18807;109,58483;-8,18807;109,58483;-7,18807;108,58483;-8,18807;108,58483
Red Beach;Sea;Unknown;16,09529;108,23367;VNM;16,59529;108,73367;15,59529;108,73367;16,59529;107,73367;15,59529;107,73367
Tagoloan Mis, Or;Sea;Unknown;8,53392;124,74165;PHL;9,03392;125,24165;8,03392;125,24165;9,03392;124,24165;8,03392;124,24165
Endau;Sea;Unknown;2,65542;103,62351;MYS;3,15542;104,12351;2,15542;104,12351;3,15542;103,12351;2,15542;103,12351
Sumenep;Sea;Small;1,36036;102,15853;IDN;1,86036;102,65853;0,86036;102,65853;1,86036;101,65853;0,86036;101,65853
Tanjong Kling;Sea;Unknown;2,15938;111,33789;MYS;2,65938;111,83789;1,65938;111,83789;2,65938;110,83789;1,65938;110,83789
Lumut;Sea;Unknown;4,67375;114,46374;BRN;5,17375;114,96374;4,17375;114,96374;5,17375;113,96374;4,17375;113,96374
Benoa;Sea;Very Small;-8,74329;115,20943;IDN;-8,24329;115,70943;-9,24329;115,70943;-8,24329;114,70943;-9,24329;114,70943
San Jose Carangian;Sea;Very Small;12,53328;124,48596;PHL;13,03328;124,98596;12,03328;124,98596;13,03328;123,98596;12,03328;123,98596
Sangatta;Sea;Very Small;0,5357;117,64344;IDN;1,0357;118,14344;0,0357;118,14344;1,0357;117,14344;0,0357;117,14344
Santa Fe;Sea;Very Small;11,16465;123,80562;PHL;11,66465;124,30562;10,66465;124,30562;11,66465;123,30562;10,66465;123,30562
Hagnaya;Sea;Very Small;11,09309;123,94481;PHL;11,59309;124,44481;10,59309;124,44481;11,59309;123,44481;10,59309;123,44481
Polambato;Sea;Very Small;11,06977;123,9966;PHL;11,56977;124,4966;10,56977;124,4966;11,56977;123,4966;10,56977;123,4966
Naval;Sea;Very Small;11,56037;124,39179;PHL;12,06037;124,89179;11,06037;124,89179;12,06037;123,89179;11,06037;123,89179
Bulan;Sea;Very Small;12,66474;123,87389;PHL;13,16474;124,37389;12,16474;124,37389;13,16474;123,37389;12,16474;123,37389
Guiuan;Sea;Small;11,03074;125,72299;PHL;11,53074;126,22299;10,53074;126,22299;11,53074;125,22299;10,53074;125,22299
Chiang Khong;River;Unknown;20,27398;100,40645;LAO;20,77398;100,90645;19,77398;100,90645;20,77398;99,90645;19,77398;99,90645
Yangon;River;Medium;16,76688;96,17397;MMR;17,26688;96,67397;16,26688;96,67397;17,26688;95,67397;16,26688;95,67397
Culasi;Sea;Small;11,60526;122,71019;PHL;12,10526;123,21019;11,10526;123,21019;12,10526;122,21019;11,10526;122,21019
Tacloban;Sea;Small;11,24829;125,00016;PHL;11,74829;125,50016;10,74829;125,50016;11,74829;124,50016;10,74829;124,50016
Ormoc;Sea;Small;11,00506;124,60674;PHL;11,50506;125,10674;10,50506;125,10674;11,50506;124,10674;10,50506;124,10674
Isabel;Sea;Small;10,89923;124,43367;PHL;11,39923;124,93367;10,39923;124,93367;11,39923;123,93367;10,39923;123,93367
Bantayan;Sea;Very Small;11,16643;123,71807;PHL;11,66643;124,21807;10,66643;124,21807;11,66643;123,21807;10,66643;123,21807
Sihanoukville;Sea;Small;10,64955;103,51771;KHM;11,14955;104,01771;10,14955;104,01771;11,14955;103,01771;10,14955;103,01771
Sabang;Sea;Small;5,88065;95,32269;IDN;6,38065;95,82269;5,38065;95,82269;6,38065;94,82269;5,38065;94,82269
Blang Lancang;Sea;Small;5,22203;97,09631;IDN;5,72203;97,59631;4,72203;97,59631;5,72203;96,59631;4,72203;96,59631
Kuala Langsa;Sea;Very Small;4,52416;98,02056;IDN;5,02416;98,52056;4,02416;98,52056;5,02416;97,52056;4,02416;97,52056
Bengkalis;Sea;Small;1,46622;102,10845;IDN;1,96622;102,60845;0,96622;102,60845;1,96622;101,60845;0,96622;101,60845
Tanjung Pinang;Sea;Small;0,92994;104,45376;IDN;1,42994;104,95376;0,42994;104,95376;1,42994;103,95376;0,42994;103,95376
Kidjang;Sea;Small;0,83743;104,60929;IDN;1,33743;105,10929;0,33743;105,10929;1,33743;104,10929;0,33743;104,10929
Dabo;Unknown;Small;-0,501;104,5657;IDN;-0,001;105,0657;-1,001;105,0657;-0,001;104,0657;-1,001;104,0657
Muntok;Sea;Small;-2,07444;105,17549;IDN;-1,57444;105,67549;-2,57444;105,67549;-1,57444;104,67549;-2,57444;104,67549
Semangka Bay;Sea;Small;-5,49955;104,62023;IDN;-4,99955;105,12023;-5,99955;105,12023;-4,99955;104,12023;-5,99955;104,12023
Sibolga;Sea;Small;1,7292;98,78523;IDN;2,2292;99,28523;1,2292;99,28523;2,2292;98,28523;1,2292;98,28523
Susoh;Unknown;Very Small;3,72073;96,81146;IDN;4,22073;97,31146;3,22073;97,31146;4,22073;96,31146;3,22073;96,31146
Meulaboh;Sea;Small;4,12711;96,12932;IDN;4,62711;96,62932;3,62711;96,62932;4,62711;95,62932;3,62711;95,62932
Cilacap;Sea;Medium;-7,74913;109,01491;IDN;-7,24913;109,51491;-8,24913;109,51491;-7,24913;108,51491;-8,24913;108,51491
Rembang;Sea;Small;-6,70073;111,3374;IDN;-6,20073;111,8374;-7,20073;111,8374;-6,20073;110,8374;-7,20073;110,8374
Kayangan;Sea;Unknown;-8,4861;116,67454;IDN;-7,9861;117,17454;-8,9861;117,17454;-7,9861;116,17454;-8,9861;116,17454
Biak;Unknown;Small;-1,25616;136,37692;IDN;-0,75616;136,87692;-1,75616;136,87692;-0,75616;135,87692;-1,75616;135,87692
Ternate;Sea;Small;0,78066;127,38809;IDN;1,28066;127,88809;0,28066;127,88809;1,28066;126,88809;0,28066;126,88809
Namlea;Sea;Small;-3,26645;127,08498;IDN;-2,76645;127,58498;-3,76645;127,58498;-2,76645;126,58498;-3,76645;126,58498
Malili;Sea;Small;-2,64254;121,07289;IDN;-2,14254;121,57289;-3,14254;121,57289;-2,14254;120,57289;-3,14254;120,57289
Tubang;Unknown;Very Small;-1,76144;125,09462;IDN;-1,26144;125,59462;-2,26144;125,59462;-1,26144;124,59462;-2,26144;124,59462
Samarinda;River;Small;-0,50507;117,15071;IDN;-0,00507;117,65071;-1,00507;117,65071;-0,00507;116,65071;-1,00507;116,65071
Sampit;Sea;Small;-2,5681;112,97806;IDN;-2,0681;113,47806;-3,0681;113,47806;-2,0681;112,47806;-3,0681;112,47806
